{
    "Be": {
        "A": 4.0, 
        "Z_2": 4.0, 
        "gamma_gas": 1.667, 
        "rho_0": 1.0, 
        "Z": 2.0, 
        "eos_type": "ideal"
    },
    "Al": {
        "A": 4.0, 
        "Z_2": 4.0, 
        "gamma_gas": 1.667, 
        "rho_0": 2.0, 
        "Z": 2.0, 
        "eos_type": "ideal"
    }, 
    "switches": {
        "sw_symmetry": 0, 
        "sw_vert_mass": 1, 
        "sw_nraz": 1,
        "sw_wilkins": 0
    },
    "cell_set": {
        "mesh_type": "x_y", 
        "boundary_conditions": [
            2, 
            2, 
            2, 
            2
        ]
    }, 
    "contours": {
        "contours_j": [
            {
                "units": "regular", 
                "boundary_line": 0.0
            }, 
            {
                "units": "regular", 
                "boundary_line": 1.0
            }
        ], 
        "contours_i": [
            {
                "y1": -1, 
                "x2": 0, 
                "x1": 0, 
                "y2": 2, 
                "contour_type": "line"
            }, 
            {
                "y1": -1, 
                "x2": 0.45, 
                "x1": 0.45, 
                "y2": 2, 
                "contour_type": "line"
            },
            {
                "y1": -1, 
                "x2": 0.55, 
                "x1": 0.55, 
                "y2": 2, 
                "contour_type": "line"
            }, 
            {
                "y1": -1, 
                "x2": 1, 
                "x1": 1, 
                "y2": 2, 
                "contour_type": "line"
            }
        ]
    }, 
    "zone" : {
        "zone_i": [
            {
                "type": "constant", 
                "dr": 0.0
            }, 
            {
                "type": "constant", 
                "dr": 0.0
            }, 
            {
                "type": "constant", 
                "dr": 0.0
            }
        ], 
        "zone_j": [
            {
                "d_theta": 0.0, 
                "type": "constant"
            }
        ]
    }, 
    "diagnostics": {
        "number_diagnostics": 2, 
        "group": [
            {
                "number_diagnostics": 1, 
                "conditions": [
                    {
                        "value2": -1, 
                        "value1": 0
                    }
                ], 
                "diagnostic_name": "1D_Radius"
            }, 
            {
                "number_diagnostics": 1, 
                "conditions": [
                    {
                        "value2": -1, 
                        "value1": 0
                    }
                ], 
                "diagnostic_name": "1D_Pressure"
            }
        ]
    }, 
    "layers_materials": {
    	"number_layers_j": 1,
        "number_cells_j": [
            1
        ], 
        "number_layers_i": 3, 
        "number_cells_i": [
            50,
            1, 
            50
        ], 
        "materials": [
            "Be", 
            "Vaccum", 
            "Al"
        ]
    }, 
    "data": {
        "nyb": 3, 
        "name": "sod_2d", 
        "nxb": 102
    }, 
    "simulation_parameters": {
        "time_final": 0.3, 
        "init_temperature": 3.22e-08, 
        "dt": 1e-14, 
        "dt_max": 0.1
    },
    "rezone_advect":{
        "rezone_type": "euler"
    }
}
